"","shelters.NAME","shelters.LONGITUDE","shelters.LATITUDE","shelters.CITY","shelters.ORG_NAME","shelters.ADDRLN1","shelters.PHONES","advocacy","child_care","HIV.AIDS","holiday_assistance","interpreter","personal_goods","non_profit_organization","substance_abuse","youth_services","counseling_services","domestic_violence","health_services","shelter","food_supply","recreational_services","Welfare_to_work","Adults.Education","financial_assistance","transportation"
"1","Special Service For Groups -  Project 180",-118.243152056549,34.0452189665425,"Los Angeles","","420 S. San Pedro","FAX (213) 621-4155,  Service/Intake (213) 620-5712",1,1,1,1,1,1,1,1,1,0,0,0,0,0,0,0,0,0,0
"2","Los Angeles Centers For Alcohol And Drug Abuse - Homeless Outreach Project",-118.240389055951,34.0440489670981,"Los Angeles","","612 E. 4th St.","Service/Intake (213) 626-6411",0,0,1,0,0,0,0,1,0,0,1,1,0,0,0,0,0,0,0
"3","Society Of St. Vincent De Paul - Social Services Department",-118.246126056682,34.0460059666432,"Los Angeles","www.svdpla.org","231 Winston St.","FAX (213) 620-9141,  Service/Intake and Administration (213) 229-9971",0,0,0,0,0,0,0,0,0,0,0,0,1,0,0,0,0,0,0
"4","Year Round Shelter - Sro Housing",-118.244768056659,34.0446559671678,"Los Angeles","www.lahsa.org","403 E. 5th St.","Service/Intake and Administration (213) 229-9678",0,0,0,0,0,0,0,0,0,0,0,0,1,0,0,0,0,0,1
"5","Downtown Women's Center",-118.243403256713,34.0446435270431,"Los Angeles","www.dwcweb.org","442 S San Pedro St","Administration (213) 680-0600,  Service/Intake (213) 213-6130,  FAX (213) 680-0844",0,0,0,0,0,0,0,0,0,0,0,1,1,1,0,0,0,0,0
"6","Los Angeles Mission",-118.245426056365,34.0448959665904,"Los Angeles","www.losangelesmission.org","303 E. 5th St.","Volunteers Service/Intake (213) 629-1227 Ext.301, Urban Training Institute Service/Intake (213) 629-1227 Ext.387,  Service/Intake and Administration (213) 629-1227, Volunteers Service/Intake (213) 629-1227 Ext.417,  Service/Intake (213) 893-1960,  FAX (21",0,0,0,1,0,0,0,0,0,0,0,0,1,1,0,0,0,0,0
"7","Fred Jordan Mission",-118.241895056855,34.0433389665889,"Los Angeles","www.fjm.org","445 Towne Ave.","FAX (626) 332-8759,  Service/Intake and Administration (626) 915-1981,  Service/Intake (213) 489-7763",0,0,0,1,0,1,0,0,0,0,0,0,1,1,0,1,1,0,0
"8","Anne Douglas Center Of The Los Angeles Mission",-118.244974055893,34.0453729669325,"Los Angeles","www.losangelesmission.org","310 Winston St.","LA Mission Main Desk Service/Intake (213) 629-1227,  Service/Intake and Administration (213) 614-0743",0,0,0,0,0,1,0,1,0,0,0,0,1,0,0,0,0,0,0
"9","Santa Anita Family Service",-118.001196056865,34.1455809672887,"Monrovia","","605 S. Myrtle Ave.","Service/Intake and Administration (626) 359-9358,  FAX (626) 358-7647",0,0,0,0,0,0,0,1,0,1,1,0,0,0,0,0,0,0,0
"10","Santa Anita Family Service - San Gabriel",-118.097589357113,34.1024635070498,"San Gabriel","","206 E Las  Tunas Dr","Service/Intake (626) 308-1414,  FAX (626) 308-1818",0,0,0,0,0,0,0,1,0,1,1,0,0,0,0,0,0,0,0
"11","Children's Hosptial Los Angeles - High Risk Youth Program - Saban Free Clinic",-118.321473055803,34.1018229667541,"Los Angeles","","6043 Hollywood Blvd.","Appointments Service/Intake (323) 653-1990, Saban Free Clinic Admin. Administrative (323) 462-8632, Medi-Cal, HMO and Patients under 21 Service/Intake (323) 337-1775",0,0,0,0,0,0,0,0,1,0,0,1,1,0,0,0,0,0,0
"12","My Friend's Place",-118.317091056235,34.1014919671081,"Hollywood","www.myfriendsplace.org","5850 Hollywood Blvd.","Service/Intake and Administration (323) 908-0011 Ext.100, 888-YOUTH-50 Service/Intake and Hotline (888) 968-8450",0,0,0,0,0,0,0,0,1,0,0,0,1,0,0,1,0,0,0
"13","Los Angeles Youth Network - Gower Youth Shelter",-118.322159056559,34.0990589665485,"Los Angeles","www.layn.org","1550 N. Gower St.","FAX (323) 464-4357,  Administrative (323) 467-8466, 24 hours Service/Intake (323) 957-7757,  Administrative (323) 957-7364",0,0,0,0,0,0,0,0,1,0,0,0,1,0,0,1,0,0,0
"14","Year Round Shelter - Los Angeles Youth Network - Gower",-118.322158656205,34.0990591271874,"Los Angeles","","1550 N Gower St","Service/Intake (323) 957-7757",0,0,0,0,0,0,0,0,0,0,0,0,1,0,0,0,0,0,1
"15","Salvation Army - The Way In",-118.319256055841,34.1018629667806,"Hollywood","","5939 Hollywood Blvd.","FAX (323) 468-8678, 24 Hour Service/Intake and Hotline (323) 469-2946, 24 Hour Service/Intake and Hotline (800) 843-9294",0,0,0,1,0,0,0,0,1,0,0,0,1,0,0,1,0,0,0
"16","Children's Hosptial Los Angeles - High Risk Youth Program",-118.29844495595,34.0978791765323,"Los Angeles","","5000 W Sunset Blvd","Administrative (323) 361-2390, Appointments Service/Intake (323) 653-1990, Medi-Cal, HMO and Patients under 21 Service/Intake (323) 337-1775",0,0,0,0,0,0,0,0,1,0,0,1,1,0,0,0,0,0,0
"17","Center For The Pacific Asian Family Inc",-118.323793656244,34.0528150065733,"Los Angeles","","1102 Crenshaw Blvd","Hotline-24 Hour Service/Intake and Hotline (323) 966-4590, Hotline-24 Hours Service/Intake and Hotline (323) 653-4042,  Administrative (323) 653-4045,  FAX (323) 653-7913, Hotline-24 Hour Service/Intake and Hotline (800) 339-3940",0,0,0,0,0,0,0,0,0,0,1,0,1,0,0,1,0,0,0
"18","Catalyst Foundation , The",-118.138431956915,34.6978833756738,"Lancaster","www.catalystfdn.org","540 W Lancaster Blvd","Service/Intake and Administration (661) 949-7378,  FAX (661) 942-0022,  Service/Intake and Administration (661) 948-8559",0,0,1,0,0,0,0,0,0,0,0,0,0,1,0,0,0,0,0
"19","Antelope Valley Domestic Violence Council - Homeless Solutions Access Center",-118.137546057502,34.7030809658945,"Lancaster","valleyoasis.org","45134 N. Sierra Hwy.","Homeless Solutions Access Center Service/Intake (661) 942-2758,  FAX (661) 942-2079",0,0,0,0,0,1,0,0,0,0,1,0,1,0,0,0,0,0,0
"20","Grace Resources Inc",-118.137311057695,34.702936995994,"Lancaster","www.graceresources.org","45134 Sierra Hwy","FAX (661) 940-5274,  Service/Intake (661) 940-5272",0,0,0,1,0,1,0,0,0,0,0,0,0,1,0,0,0,0,0
"21","Year Round Pick-Up Site - Antelope Valley Access Center",-118.137546057502,34.7030809658945,"Lancaster","www.lahsa.org","45134 N. Sierra Hwy.","Service/Intake (661) 945-7524",0,0,0,0,0,0,0,0,0,0,0,0,1,0,0,0,0,0,1
"22","Mental Health America Of Los Angeles - Antelope Valley Services",-118.138673757359,34.7017656657098,"Lancaster","www.mhala.org","506 W Jackman St","FAX (661) 726-2854,  Service/Intake and Administration (661) 726-2850",0,0,0,0,0,0,0,0,0,0,0,1,1,0,0,1,0,0,0
"23","Catalyst Foundation, The - Clinic",-118.141552657794,34.6953818163254,"Lancaster","","44758 Elm Ave","Service/Intake (661) 948-8559",0,0,1,0,0,0,0,0,0,0,0,0,0,1,0,0,0,0,0
"24","Jewish Family Service Of Los Angeles - Family Violence Project",-118.437066056369,34.1491379668155,"Sherman Oaks","","13949 Ventura Blvd.","Administrative (818) 789-1293, 24 Hr. Hotline and Main Intake Service/Intake and Hotline (818) 505-0900, 24 Hour Service/Intake and Hotline (310) 858-9344,  FAX (818) 789-7581",0,0,0,0,0,0,0,0,0,0,1,0,1,0,0,1,0,0,0
"25","Salvation Army Corps Community Center - Burbank",-118.306259056688,34.1812429669037,"Burbank","www.salvationarmy-socal.org","300 E. Angeleno","FAX (818) 845-7274,  Service/Intake (818) 845-7214",0,0,0,1,0,0,0,0,0,1,0,1,0,1,1,0,0,1,0
"26","Our Saviour Center",-118.02956405702,34.0855199669602,"El Monte","www.oursaviourcenter.org","4368 Santa Anita Ave.","FAX (626) 579-2689, Family Planning Service/Intake (626) 579-0290 Ext.100, Administration Service/Intake (626) 579-2190 Ext.116, Shelter Service/Intake (626) 579-0290 Ext.127, Clinic Service/Intake (626) 579-2190 Ext.100,  Service/Intake (626) 579-0290, Y",0,0,0,0,0,0,0,0,0,0,0,1,1,1,1,0,0,0,0
"27","Catholic Charities Of Los Angeles - San Juan Diego Center",-118.031805056863,34.0823339672585,"El Monte","www.catholiccharitiesla.org","4171 Tyler Ave.","FAX (626) 575-1072,  Service/Intake (626) 575-7652",0,0,0,1,0,0,0,0,0,0,0,1,0,1,0,0,0,1,0
"28","Lamp Community - Frank Rice Access Center",-118.246748055975,34.0423059670036,"Los Angeles","www.lampcommunity.org","627 San Julian St.","Administrative (213) 488-9559,  Service/Intake (213) 488-0031",0,0,0,0,0,0,0,1,0,0,0,1,1,0,0,0,0,0,0
"29","Union Rescue Mission",-118.244858056858,34.0431139670574,"Los Angeles","www.urm.org","545 S. San Pedro St.","Service/Intake and Administration (213) 347-6300, Volunteer Opportunities Service/Intake (213) 347-6300 Ext.1149, Other donations Service/Intake (213) 347-6300 Ext.1023,  FAX (213) 612-0260, Vehicle donations Service/Intake (800) 833-0078",0,0,0,0,0,0,0,0,0,0,0,0,0,0,0,0,0,0,0
"30","Emmanuel Baptist Rescue Mission",-118.243105056849,34.0435119670299,"Los Angeles","","530 E. Fifth St.","Service/Intake and Administration (213) 626-4681",0,0,0,1,0,0,0,0,0,0,0,0,1,1,0,0,0,0,0
"31","Midnight Mission",-118.245505056795,34.042256966507,"Los Angeles","www.midnightmission.org","601 S. San Pedro St.","FAX (213) 553-2359,  Service/Intake and Administration (213) 624-9258, Volunteers- Georgia Berkovitch Service/Intake (213) 624-9258 Ext.1243,  Service/Intake (888) 624-9258",0,0,0,1,0,1,0,0,0,0,0,0,1,1,0,0,0,0,0
"32","Weingart Center Association",-118.245161856114,34.0422774668073,"Los Angeles","www.weingart.org","501 E 6Th St","Donation Program Service/Intake (800) 390-7164,  FAX (626) 689-2289, Weingart Institute Administration (213) 689-2280, Homeless Access Center Service/Intake (213) 833-5020, Donations/Volunteers Service/Intake (213) 689-2224, Hope Row Resource Center FAX (",0,0,0,0,0,0,0,0,0,0,0,0,1,0,0,0,0,0,0
"33","Year Round Shelter - Eimago (Union Rescue Mission)",-118.244858056858,34.0431139670574,"Los Angeles","www.lahsa.org","545 S. San Pedro St.","Service/Intake and Administration (213) 347-6300",0,0,0,0,0,0,0,0,0,0,0,0,1,0,0,0,0,0,1
"34","Volunteers Of America - San Julian Access Center",-118.246430056081,34.0422999667271,"Los Angeles","www.voala.org","628 S. San Julian St.","Service/Intake and Administration (213) 624-4357",0,0,0,0,0,0,0,0,0,0,0,0,1,0,0,0,0,0,0
"35","Year Round Shelter - Lamp Community",-118.244190155804,34.043384556891,"Los Angeles","","526 S San Pedro St","Service/Intake (213) 488-9559",0,0,0,0,0,0,0,0,0,0,0,0,1,0,0,0,0,0,1
"36","Russ - Sro Housing Corporation",-118.245439456293,34.0441194671576,"Los Angeles","","517 San Julian St","Information Only (213) 229-9655",0,0,0,0,0,0,0,0,0,0,0,0,1,0,0,0,0,0,0
"37","Angelus Inn - Sro Housing Corporation",-118.24519215639,34.0440251971598,"Los Angeles","","518 San Julian St","Information Only (213) 229-9662",0,0,0,0,0,0,0,0,0,0,0,0,1,0,0,0,0,0,0
"38","Lamp Community",-118.244190155804,34.043384556891,"Los Angeles","www.lampcommunity.org","526 S San Pedro St","Service/Intake (213) 488-0031,  Service/Intake and Administration (213) 488-9559,  FAX (213) 270-9060",0,0,0,0,0,0,0,1,0,0,0,1,1,0,0,0,0,0,0
"39","Women's And Children's Crisis Shelter",-118.033587456899,33.9758380375794,"Whittier","","13305 Penn St","Administrative (562) 945-3937,  Service/Intake and Hotline (562) 945-3939",0,0,0,0,0,0,0,0,0,0,1,0,0,0,0,0,0,0,0
"40","St. Matthias Episcopal Church",-118.034802057165,33.9785589669657,"Whittier","","7056 S. Washington Ave.","Service/Intake and Administration (562) 698-9741",0,0,0,1,0,0,0,0,0,0,0,0,1,1,0,0,0,0,0
"41","Door Of Hope",-118.141947956498,34.1574539864223,"Pasadena","LA County","669 N. Los Robles Ave.","",0,0,0,0,0,0,0,0,0,0,0,0,0,0,0,0,0,0,0
"42","Scadp - Casa Libre Residential Services",-118.186544656091,34.0210688766994,"Los Angeles","LA County","1055 S. Eastman Ave.","",0,0,0,0,0,0,0,0,0,0,0,0,0,0,0,0,0,0,0
"43","Wecan House",-118.288081755413,33.7393784077165,"San Pedro","LA County","505 S. Pacific Ave.","",0,0,0,0,0,0,0,0,0,0,0,0,0,0,0,0,1,0,0
"44","Joint Efforts Inc",-118.288082455381,33.7393776776251,"San Pedro","www.jointefforts.org","505 S Pacific Ave","FAX (310) 831-2356,  TDD (310) 831-6948,  Service/Intake and Administration (310) 831-2358",0,0,0,0,0,0,0,1,0,0,0,0,0,0,0,0,0,0,0
"45","Year Round Shelter - Harbor Interfaith Services",-118.291581156173,33.7361582473087,"San Pedro","","670 W 9Th St","Service/Intake (310) 831-0589",0,0,0,0,0,0,0,0,0,0,0,0,1,0,0,0,0,0,1
"46","Serra Project, The",-118.124649056546,34.1498504566808,"Pasadena","LA County","1245 E. Walnut St.","",0,0,0,0,0,0,0,0,0,0,0,0,0,0,0,0,0,0,0
"47","Salvation Army Corps Community Center - Pasadena",-118.12981805634,34.1494809672519,"Pasadena","www.salvationarmy-socal.org","1000 E. Walnut St.","Administrative (626) 773-4400, Director of Social Services Service/Intake (626) 773-4404,  Service/Intake (626) 773-4425",0,0,0,1,0,1,0,0,0,0,0,0,0,1,1,0,0,0,0
"48","Homeless Shelter For Women And Children",-118.192735656821,33.8964359575723,"Compton","LA County","4513 E. Compton Blvd.","",0,0,0,0,0,0,0,0,0,0,0,0,0,0,0,0,0,0,0
"49","Urdc Human Services Corporation - Casa Maria",-118.136099956207,34.169273816415,"Pasadena","LA County","691 E. Washington Blvd.","",0,0,0,0,0,0,0,0,0,0,0,0,0,0,0,0,0,0,0
"50","Upward Bound - Family Place",-118.493772955516,34.027388886559,"Santa Monica","LA County","1020 12Th St.","",0,0,0,0,0,0,0,0,0,0,0,0,0,0,0,0,0,0,0
"51","Upward Bound House - Family Place",-118.493773555839,34.0273880465757,"Santa Monica","","1020 12Th Ct","Service/Intake and Administration (310) 458-7779, Shelter/Case Managers Referral Service/Intake (310) 458-7779 Ext.211, Shelter/Case Managers-Program Manager Service/Intake (310) 458-7779 Ext.212, Shelter/Case Managers Referral Service/Intake (310) 458-77",0,0,0,0,0,0,0,0,0,0,0,0,1,0,0,0,0,0,0
"52","Foothill Family Shelter",-117.772774157436,34.0511432475566,"Upland","LA County","1501 W. 9Th St.","",0,0,0,0,0,0,0,0,0,0,0,0,0,0,0,0,0,0,0
"53","La Posada",-118.265789455954,34.0575385066985,"Los Angeles","LA County","375 S. Columbia Ave.","",0,0,0,0,0,0,0,0,0,0,0,0,0,0,0,0,0,0,0
"54","Long Beach Rescue Mission",-118.19412785612,33.7833887776131,"Long Beach","www.lbrm.org","1335 Pacific Ave","Service/Intake and Administration (562) 591-1292, Long Beach Multi-Service Center Service/Intake (562) 733-1147,  FAX (562) 216-7667",0,0,0,0,0,1,0,0,0,1,0,0,1,1,0,0,0,0,0
"55","Ocean Park Community Center - Access Center",-118.488089055961,34.0138759664646,"Santa Monica","www.opcc.org","503 Olympic Blvd.","Volunteer Coordinator Administrative (310) 450-4050 Ext.131, Shelter Referral Service/Intake (310) 450-4050",0,0,0,0,0,1,0,0,0,1,0,0,1,1,0,1,0,0,0
"56","Ocean Park Community Center - Samoshel",-118.48909105585,34.0136539669554,"Santa Monica","www.opcc.org","505 Olympic Blvd.","Shelter Referral Service/Intake (310) 450-4050, Homeless Support Svcs Info Service/Intake (310) 581-9825",0,0,0,0,0,1,0,0,0,1,0,0,1,1,0,1,0,0,0
"57","Daybreak Center",-118.49466105626,34.0110409670035,"Santa Monica","www.opcc.net","1614 Ocean Ave.","Service/Intake (310) 393-4344, Volunteer Coordinator Service/Intake (310) 393-6045",1,0,0,1,0,0,0,0,0,0,0,1,1,1,0,1,0,0,0
"58","Salvation Army Corps Community Center - Santa Monica",-118.492416055883,34.0145319669777,"Santa Monica","www.salvationarmy-socal.org","1533 4th St.","Service/Intake (310) 917-1138,  FAX (310) 394-7398",0,0,0,1,0,1,0,0,0,0,0,1,1,1,1,0,0,1,0
"59","Catholic Charities Of Los Angeles - Guadalupe Community Center",-118.600859055627,34.197261966357,"Canoga Park","","21600 Hart St.","Service/Intake and Administration (818) 340-2050, Older Adults services Service/Intake (818) 340-5100",0,1,0,1,0,0,0,0,1,0,0,0,0,1,1,1,0,0,0
"60","Watts Labor Community Action Committee - Homeless Access Center",-118.256670155864,33.9381452872074,"Los Angeles","www.wlcac.org","958 E 108Th St","Access Center and Shelter Service/Intake (323) 563-4721",0,0,0,0,0,0,0,0,0,0,0,0,1,0,0,0,0,0,0
"61"," Access Center (WLCAC Access Center for Homeless Services)",-118.258033456278,33.9382649671977,"Los Angeles ","Access Center (WLCAC Access Center for Homeless Services)","958 E. 108th Street","(323) 563 - 4721
",0,0,0,0,0,0,0,0,0,0,0,0,0,0,0,0,0,0,0
"62","Jovenes Inc - La Posada Shelter",-118.222590055947,34.0520479666466,"Los Angeles","www.jovenesinc.org","1320 Pleasant Ave.","Service/Intake (323) 260-8035",0,0,0,0,0,0,0,0,0,0,0,0,0,0,0,0,0,0,0
"63","Guadalupe Homeless Project/Cem",-118.223082056645,34.0466319672186,"Los Angeles","www.proyectopastoral.org","171 S. Gless St.","Men's Shelter Service/Intake (323) 881-0031, Community in Action/CEM Service/Intake (323) 881-0032",0,1,0,0,0,0,0,0,1,0,0,0,1,0,0,1,0,0,0
"64","Proyecto Pastoral At Dolores Mission",-118.227871056642,34.0488709672292,"Los Angeles","www.proyectopastoral.org","135 N. Mission Rd.","Thrift Store Service/Intake (323) 881-0017, Community In Action/CEM Service/Intake (323) 881-0019,  Service/Intake and Administration (323) 881-0018,  FAX (323) 268-7228",0,1,0,0,0,0,0,0,1,0,0,0,1,0,0,1,0,0,0
"65","Year Round Shelter - Jovenes, Inc.",-118.222811056526,34.0526059665117,"Los Angeles","www.lahsa.org","1208 Pleasant Ave.","Service/Intake and Administration (323) 260-8035",0,0,0,0,0,0,0,0,0,0,0,0,1,0,0,0,0,0,1
"66","Year Round Shelter - Proyecto Pastoral At Dolores Mission",-118.223082056645,34.0466319672186,"Los Angeles","www.lahsa.org","171 S. Gless St.","Men's Shelter Service/Intake and Administration (323) 881-0032",0,0,0,0,0,0,0,0,0,0,0,0,1,0,0,0,0,0,1
"67","St. Joseph Center",-118.478322055916,33.9980859668568,"Venice","www.stjosephctr.org","204 Hampton Dr.","Homeless Service Center Information Only (310) 399-6878, MAP Program Service/Intake (310) 396-6556,  Service/Intake and Administration (310) 396-6468,  FAX (310) 392-8402, Culinary Training Service/Intake (310) 450-9095,  Service/Intake (310) 396-6468 Ext",0,0,0,0,0,0,0,0,0,0,0,0,0,0,0,0,0,0,0
"68","Catholic Charities Of Los Angeles - St. Robert's Center",-118.477423855913,33.9981363068108,"Venice","catholiccharitiesla.org","211 3Rd Ave","Service/Intake and Administration (310) 392-8701",0,0,0,0,0,0,0,0,0,1,0,1,0,1,0,0,0,0,0
"69","St. Joseph Center - Homeless Service Center",-118.466430056198,34.0008229667024,"Venice","www.stjosephctr.org","404 S. Lincoln Blvd.","Homeless Program Service/Intake (310) 399-6878",0,0,0,0,0,0,0,0,0,0,0,0,0,0,0,0,0,0,0
"70","Harbor Interfaith Family Shelter Program",-118.291424056235,33.7350309675664,"San Pedro","www.harborinterfaith.org","663 W. 10th St.","Shelter Service/Intake (310) 831-0589",1,0,0,0,0,0,0,0,0,1,0,0,1,1,0,1,0,0,0
"71","Union Station - Adult Center",-118.148649056274,34.1387489671395,"Pasadena","www.unionstationhs.org","412 Raymond Ave.","Service/Intake and Administration (626) 240-4550",0,0,0,1,0,0,0,1,0,1,0,1,1,1,0,0,1,0,0
"72","Union Station Family Center",-118.13342405655,34.1579599663912,"Pasadena","www.unionstationhs.org","825 E. Orange Grove Blvd.","Service/Intake and Administration (626) 240-4550",0,0,0,1,0,0,0,1,0,1,0,1,1,1,0,0,1,0,0
"73","Union Station's Shelter Intake - Passageways",-118.146796556339,34.128332537211,"Pasadena","www.unionstationhs.org","1020 S Arroyo Pkwy","Shelter Intake/Referral Service/Intake (626) 403-4888",0,0,0,1,0,0,0,1,0,1,0,1,1,1,0,0,1,0,0
"74","Hope Again",-118.301205056488,34.098263967098,"Los Angeles","","5121 Sunset Blvd.","FAX (323) 661-6172,  Service/Intake and Administration (323) 661-4004",0,0,0,0,0,0,0,0,0,0,0,0,1,0,0,0,0,0,0
"75","North Valley Caring Services Inc",-118.469299056469,34.2320219660133,"North Hills","www.nvcsinc.org","15453 Rayen St.","Service/Intake (818) 891-0481,  FAX (818) 830-2007",0,0,0,1,0,0,0,0,0,0,0,1,1,1,1,0,0,0,0
"76","Arcadia Welfare And Thrift Shop",-118.028569056954,34.1439629671851,"Arcadia","","323 N. First St.","Thrift Shop Service/Intake (626) 447-2881,  Service/Intake (626) 447-6864",0,0,0,0,0,1,0,0,0,0,0,0,1,1,0,0,0,1,0
"77","House Of Yahweh",-118.345106055856,33.8945229672048,"Lawndale","www.hoy-southbay.org","4046 W. Marine Ave.","Thrift Shop Service/Intake (310) 644-9301,  Administrative (310) 675-1384, Shelter or Food Intake Service/Intake (310) 675-6412",0,0,0,0,0,1,0,0,0,0,0,0,1,1,0,0,0,0,0
"78","L A Family Housing Corporation",-118.388056056019,34.2133549663335,"North Hollywood","www.lafh.org/","7843 Lankershim Blvd.","Service/Intake and Administration (818) 982-4091,  FAX (818) 982-3895",0,0,0,0,0,0,0,0,0,0,0,0,1,0,0,1,0,0,0
"79","Year Round Shelter - Los Angeles Family Housing",-118.388056056019,34.2133549663335,"North Hollywood","www.lahsa.org","7843 Lankershim Blvd.","Steven Service/Intake (818) 982-4091 Ext.154, Miriam Service/Intake (818) 982-4091 Ext.167,  Service/Intake and Administration (818) 982-4091, Jerome Nielsen Service/Intake (818) 982-4091 Ext.151",0,0,0,0,0,0,0,0,0,0,0,0,1,0,0,0,0,0,1
"80","Rainbow Services, Ltd.",-118.286924056204,33.7376849672668,"San Pedro","www.rainbowservicesdv.org","453 W. 7th St.","FAX (310) 548-0611, Service Center Service/Intake and Administration (310) 548-5450, 24 Hours Service/Intake and Hotline (310) 547-9343",0,0,0,0,0,0,0,0,0,0,1,0,1,0,0,0,0,0,0
"81","St. Anthony's Christian Service",-118.091140057126,34.0749029665478,"San Gabriel","","1901 S. San Gabriel Blvd.","Service/Intake and Administration (626) 288-8912",0,0,0,1,0,0,0,0,0,0,0,0,0,1,0,0,0,0,0
"82","Redeemer Lutheran Outreach",-118.569239056021,34.2246979667902,"Winnetka","www.our-redeemer.org","20025 Chase St.","Administrative (818) 341-3460,  Service/Intake (818) 341-1629,  FAX (818) 341-1634",0,0,0,0,0,0,0,0,0,0,0,1,1,1,0,0,0,0,0
"83","Our Redeemer Lutheran Church - Sfv Rescue Mission",-118.570832055426,34.2251499659366,"Winnetka","www.sfvrescuemission.org","8520 Winnetka Ave.","",0,0,0,1,0,1,0,0,0,0,0,0,1,1,0,1,0,0,0
"84","Social Services At Blessed Sacrament Inc",-118.334459056749,34.0995879671735,"Los Angeles","www.hollywoodsocialservices.org","6636 Selma Ave.","Service/Intake and Administration (323) 871-8042,  FAX (323) 464-7796",0,0,0,0,0,0,0,0,0,0,0,0,1,0,0,0,0,0,0
"85","L A Gay And Lesbian Center - Youth Services Program",-118.332615056154,34.100247966772,"Los Angeles","www.lagaycenter.org","1625 N. Schrader Blvd.","Service/Intake (323) 993-7400",0,0,1,0,0,0,0,0,0,0,0,0,1,1,0,0,0,0,0
"86","Burbank Temporary Aid Center",-118.326021055892,34.182469966299,"Burbank","www.burbanktemporaryaidcenter.org","1304 W. Burbank Blvd.","FAX (818) 848-8280,  Service/Intake and Administration (818) 848-2822, Food Intake Service/Intake (818) 848-2822 Ext.107",0,0,0,1,0,0,0,0,0,0,0,0,1,1,0,0,0,1,0
"87","Salvation Army Corps Community Center - Glendale",-118.258008056488,34.1366239671428,"Glendale","www.glendalecorps.org/","801 S. Central","Food Intake                    Service/Intake (818) 246-5586 Ext.131,  Service/Intake (818) 246-5586",0,0,0,1,0,0,0,0,0,0,0,0,1,1,1,0,0,0,0
"88","Salvation Army Corps Community Center - Compton",-118.215217056689,33.8956349674641,"Compton","www.salvationarmy-socal.org","736 E. Compton Blvd.","Service/Intake (310) 639-0362",0,0,0,1,0,0,0,0,0,0,0,1,0,1,1,0,0,1,1
"89","St. Francis Center - Los Angeles",-118.269501056559,34.0339279666718,"Los Angeles","www.sfcla.org","1835 S. Hope St.","FAX (213) 765-8915,  Service/Intake (213) 747-5347",0,0,0,1,0,1,0,0,0,0,0,0,1,1,0,1,0,0,0
"90","Salvation Army Corps Community Center - Whittier",-118.041901056797,33.9689999673156,"Whittier","www.salvationarmy-socal.org","7926 S. Pickering Ave.","Service/Intake (562) 698-8348",0,0,0,1,0,1,0,0,0,0,0,1,0,1,1,0,0,1,0
"91","Salvation Army Corps Community Center - East Los Angeles Temple",-118.18562305695,34.0371209667318,"Los Angeles","","140 N. Eastman Ave.","Service/Intake (323) 263-7577",0,0,0,0,0,0,0,0,0,0,0,0,0,1,0,0,0,0,1
"92","Southern California Floating Christian Endeavor Association Inc - Beacon Light Mission",-118.260987055728,33.7760319677199,"Wilmington","www.beaconlightmission.org","525 N. Broad Ave.","FAX (310) 830-3260,  Service/Intake (310) 830-7063",0,0,0,1,0,0,0,0,0,0,0,0,1,1,0,0,0,0,0
"93","Doors Of Hope",-118.26103115579,33.7766380677405,"Wilmington","","529 Broad Ave","Service/Intake and Administration (310) 518-3667,  FAX (310) 513-6113",0,0,0,0,0,0,0,0,0,0,0,0,1,0,0,0,0,0,0
"94","South Antelope Valley Emergency Services",-118.111460156722,34.5754769461554,"Palmdale","www.cityofpalmdale.org/departments/saves/","1002 E Ave Q12","FAX (661) 274-2365,  Service/Intake and Administration (661) 267-5191,  TDD (661) 267-5167",0,0,0,0,0,1,0,0,0,0,0,0,1,1,0,0,0,0,0
"95","People Assisting The Homeless",-118.289011055971,34.0774809667921,"Los Angeles","www.epath.org","340 N. Madison Ave.","Jobs Center at PATH Service/Intake (323) 644-2229, P.A.T.H. Service/Intake (323) 644-2216, West LA Job Center Service/Intake (310) 996-0034 Ext.108, HVRP PATHfinders - Employment Program for Veterans Service/Intake (323) 644-2201, Referral for Homeless Ve",0,0,0,0,0,0,0,0,0,0,0,0,1,0,0,1,0,0,0
"96","People Assisting The Homeless - Regional Homeless Center",-118.289010756473,34.0774805167427,"Los Angeles","","340 N Madison Ave","Administrative (323) 644-2200, P.A.T.H. Service/Intake (323) 644-2216",0,0,0,0,0,0,0,0,0,0,0,0,1,0,0,1,0,0,0
"97","People Assisting The Homeless - Hollywood Center",-118.311932055996,34.0960649665289,"Hollywood","www.epath.org","5627 Fernwood Ave.","PATH Hollywood Service/Intake (323) 960-3333",0,0,0,0,0,0,0,0,0,0,0,0,1,0,0,1,0,0,0
"98","Year Round Shelter - Covenant House",-118.309407056323,34.095418966951,"Hollywood","www.lahsa.org","1325 N. Western Ave.","Service/Intake and Administration (323) 461-3131",0,0,0,0,0,0,0,0,0,0,0,0,1,0,0,0,0,0,1
"99","Covenant House California",-118.309407056323,34.095418966951,"Hollywood","www.covenanthouseca.org","1325 N. Western Ave.","Service/Intake and Hotline (866) 268-3683, shelter Administrative (323) 461-3131, Outreach Number (9:00am - 12:00 noon and 2:00pm - 5:00pm) Service/Intake (323) 957-7455, The Nineline Hotline/Talkline/Warmline (800) 999-9999,  FAX (323) 461-6491, Daily, 4",0,0,0,0,0,0,0,0,1,0,0,0,1,0,0,1,0,0,0
"100","Catholic Charities - Pomona Community Services",-117.720738957199,34.0614495670121,"Pomona","","1460 E Holt Ave","Service/Intake (909) 629-1331,  FAX (909) 629-1322",0,0,0,0,0,0,0,0,0,0,0,1,1,0,0,0,0,1,0
"101","St. Ambrose Episcopal Church",-117.729749057814,34.0955550667976,"Claremont","","830 W Bonita Ave","Administrative (909) 626-7170",0,0,0,1,0,0,0,0,0,0,0,0,0,0,0,0,0,0,0
"102","Inland Valley Hope Partners - Claremont Center",-117.728836057623,34.1003099672812,"Claremont","www.InlandValleyHopePartners.org","660 N. Mountain Ave.","Service/Intake (909) 621-2400",0,0,0,1,0,0,0,0,0,0,0,0,1,1,0,0,0,1,0
"103","Mental Health America Of Los Angeles - Long Beach",-118.187289056279,33.7727409672874,"Long Beach","www.village-isa.org","456 Elm Ave.","FAX (562) 437-5072,  Service/Intake (562) 437-6717",0,0,0,0,0,0,0,0,0,0,0,1,1,0,0,0,0,0,0
"104","Christian Outreach In Action",-118.186048055887,33.7707209671795,"Long Beach","www.COAlongbeach.org","515 E. 3rd St.","Service/Intake and Administration (562) 432-1440,  FAX (562) 590-8984",0,0,0,1,0,1,0,0,0,0,0,0,1,1,0,0,0,0,0
"105","Volunteers Of America - Greater Los Angeles - West Covina Outreach And Access Center",-117.945186657497,34.0697095672655,"West Covina","www.voala.org","1760 W Cameron Ave","888-50-NEEDS Service/Intake (888) 506-3337,  FAX (626) 918-5040,  Service/Intake (626) 337-9878",0,0,0,0,0,0,0,0,0,0,0,0,1,0,0,0,0,0,0
"106","Pomona Neighborhood Center",-117.766965057618,34.0620999668166,"Pomona","","999 W. Holt Ave.","FAX (909) 397-9981,  Service/Intake (909) 620-7691",0,0,0,0,0,0,0,0,0,0,0,0,1,0,0,0,0,0,0
"107","Los Angeles Youth Network Taft House",-118.314582055761,34.1033329666169,"Hollywood","www.layn.org","1754 Taft Ave.","Service/Intake and Administration (323) 467-8466",0,0,0,0,0,0,0,0,1,0,0,0,1,0,0,0,0,0,0
"108","My Club Drop In Center",-118.292044056028,33.9589079667838,"Los Angeles","","8705 S. Vermont","Service/Intake (323) 751-2582,  FAX (323) 751-1803",0,0,0,0,0,0,0,0,1,0,0,0,1,0,0,1,0,0,0
"109","St. Catherine's Episcopal Diocese of Los Angeles",-118.293364056094,33.9592809670124,"Los Angeles","St. Catherine's Episcopal Diocese of Los Angeles","1039 W. 87th St. ","(213) 482 - 2040 
",0,0,0,0,0,0,0,0,0,0,0,0,0,0,0,0,0,0,0
"110","Catholic Charities Of Los Angeles - Our Lady Of The Angels Region - Metro Area - Angel's Flight Runaway And Homeless Youth Services",-118.272649056255,34.0609439665007,"Los Angeles","","357 S. Westlake Ave.","Service/Intake and Administration (213) 413-2311, Shelter / 24 Hour Intake Service/Intake (800) 833-2499",0,0,0,0,0,0,0,0,1,0,0,0,1,0,0,1,0,0,0
"111","Womenshelter Of Long Beach",-118.193300056317,33.7783749673799,"Long Beach","www.womenshelterlb.com/","930 Pacific Ave.","Service/Intake and Administration (562) 437-7233,  FAX (562) 436-4943, 562) HER HOME - 24 hrs. Service/Intake and Hotline (562) 437-4663",0,0,0,0,0,0,0,0,0,0,1,0,1,0,0,1,0,0,0
"112","House Of Hope",-118.300613056623,34.0913569671651,"Los Angeles","www.houseofhopela.com","1115 N. Normandie Ave.","FAX (323) 663-9452,  Service/Intake (323) 663-1214,  Service/Intake (323) 663-1215",0,0,0,0,0,0,0,0,0,0,0,0,1,1,0,0,0,0,0
"113","Gospel Missions Of America",-117.878273057002,33.9856989676567,"Rowland Heights","www.gospelmissions.org","1803 Nausika Ave.","Service/Intake (626) 965-8922",0,0,0,0,0,0,0,0,0,0,0,0,1,0,0,0,0,0,0
"114","Peregrinos De Emaus Inc",-117.904098057623,34.1296859670274,"Azusa","","447 N. Soldano Ave.","Leo - Cell Number Service/Intake (626) 388-8424, Shelter Service/Intake (626) 969-5399",0,0,0,0,0,0,0,0,0,0,0,0,1,0,0,0,0,0,0
"115","Lancaster Community Shelter For The Homeless",-118.134521057851,34.6940129656245,"Lancaster","","44611 Yucca Ave.","Service/Intake and Administration (661) 945-7524",0,0,0,0,0,0,0,0,0,0,0,0,1,0,0,0,0,0,0
"116","Year Round Shelter - Lancaster Community Shelter",-118.134521057851,34.6940129656245,"Lancaster","www.lahsa.org","44611 Yucca Ave.","Service/Intake and Administration (661) 945-7524",0,0,0,0,0,0,0,0,0,0,0,0,1,0,0,0,0,0,1
"117","Year Round Pick-Up Site - Mental Health Association",-118.130980057245,34.6714829659425,"Lancaster","www.lahsa.org","43423 Division St.","Service/Intake (661) 945-7524",0,0,0,0,0,0,0,0,0,0,0,0,1,0,0,0,0,0,1
"118","Year Round Pick-Up Site - Department Of Mental Health",-118.122940057121,34.6701719661398,"Lancaster","www.lahsa.org","349 E. Avenue K-6","Service/Intake (661) 945-7524",0,0,0,0,0,0,0,0,0,0,0,0,1,0,0,0,0,0,1
"119","Year Round Pick-Up Site - Catholic Charities Community Center",-118.192920755719,33.7841048176024,"Long Beach","www.lahsa.org","123 W 14Th St","Service/Intake (323) 298-1316, Intake Service/Intake (562) 733-1147",0,0,0,0,0,0,0,0,0,0,0,0,1,0,0,0,0,0,1
"120","Catholic Charities Of Los Angeles - San Pedro Region - Long Beach Community Services Center",-118.19163405579,33.7841719670178,"Long Beach","www.catholiccharitiesla.org/sanpedro.html","123 E. 14th St.","Service/Intake and Administration (562) 591-1351,  Administrative (562) 591-1641",0,0,0,0,0,0,0,0,0,0,0,0,0,0,0,0,0,0,0
"121","Year Round Pick-Up Site - Long Beach Multi-Service Center",-118.209021056322,33.7820049678319,"Long Beach","www.lahsa.org","1301 W. 12th St.","Intake Service/Intake (562) 733-1147",0,0,0,0,0,0,0,0,0,0,0,0,1,0,0,0,0,0,1
"122","Long Beach Rescue Mission - Lydia House Intake Site",-118.209020755807,33.782005247821,"Long Beach","","1301 W 12Th St","",0,0,0,0,0,1,0,0,0,1,0,0,1,1,0,0,0,0,0
"123","Year Round Shelter - Salvation Army",-118.264175055794,34.0466349664993,"Los Angeles","www.lahsa.org","832 W. James M. Wood Blvd.","Service/Intake (213) 438-1617",0,0,0,0,0,0,0,0,0,0,0,0,1,0,0,0,0,0,1
"124","Year Round Shelter - Mjb Recovery, Inc.",-118.27370915659,33.9337348667511,"Los Angeles","www.lahsa.org","11152 S Main St","Service/Intake (323) 777-2491",0,0,0,0,0,0,0,0,0,0,0,0,1,0,0,0,0,0,1
"125","Year Round Shelter - Volunteers Of America - Pathway To Home",-118.276110056413,34.0127899667968,"Los Angeles","www.lahsa.org","3804 Broadway Pl.","Service/Intake and Administration (323) 231-1711",0,0,0,0,0,0,0,0,0,0,0,0,1,0,0,0,0,0,1
"126","Friends Helping Friends Sober And Transitional Living Inc",-118.329164056121,34.0199129669847,"Los Angeles","www.friendshelpingfriendsla.org","3701 Cherrywood Ave.","Service/Intake and Administration (323) 293-9778,  FAX (323) 293-7458",0,0,0,0,0,0,0,0,0,0,0,0,1,0,0,0,0,0,0
"127","Good Shepherd Shelter",-118.316431056231,34.0436999672104,"Los Angeles","","2561 W. Venice Blvd.","Service/Intake (323) 737-6111",0,0,0,0,0,0,0,0,0,0,0,0,1,0,0,0,0,0,0
"128","Lutheran Social Services Of Southern California - San Fernando And Santa Clarita Valley Area Office",-118.444481056191,34.1871969666898,"Van Nuys","www.lsssc.org","6425 Tyrone Ave.","Area Director Service/Intake and Administration (818) 901-9480,  FAX (818) 901-9482",0,0,0,0,0,0,0,0,0,0,0,0,0,0,0,0,0,0,0
"129","Lutheran Social Services/Central Lutheran Church - Sfv Rescue Mission",-118.44452205609,34.1873249662563,"Van Nuys","www.sfvrescuemission.org","6425 Tyrone Blvd.","Service/Intake and Administration (818) 785-4476, Secondary Telephone Number Information (818) 901-9480",0,0,0,1,0,1,0,0,0,0,0,0,1,1,0,1,0,0,0
"130","Central Lutheran Church - Van Nuys",-118.444481155666,34.1871964966221,"Van Nuys","","6425 Tyrone Ave","No Telephone () -",0,0,0,0,0,1,0,0,0,0,0,0,1,1,0,0,0,0,0
"131","Su Casa - Ending Domestic Violence",-118.116349056527,33.8286399674183,"Long Beach","www.sucasadv.org","3840 Woodruff Ave.","Administrative (562) 421-6537,  FAX (562) 421-8117, 24-hour Hotline Service/Intake/Hotline (Voice/TDD) (562) 402-4888",0,0,0,0,0,0,0,0,0,0,1,0,1,0,0,1,0,0,0
"132","Testimonial Community Love Center",-118.30913105562,33.9904589672693,"Los Angeles","","5721 S. Western Ave.","FAX (323) 292-1512,  Service/Intake and Administration (323) 291-6753",0,0,0,1,0,0,0,0,0,0,0,0,1,1,0,1,0,0,0
"133","Foothill Unity Center Inc - Monrovia",-118.008138056615,34.1428379671259,"Monrovia","www.foothillunitycenter.org","415 W. Chestnut Ave.","FAX (626) 358-8224,  Service/Intake and Administration (626) 358-3486",0,0,0,1,0,0,0,0,0,0,0,1,1,1,0,0,0,0,0
"134","Good Shepherd Center For Homeless Women - Hawkes Transitional Residence",-118.264443056203,34.0650719666137,"Los Angeles","www.gschomeless.org/","1640 Rockwood St.","FAX (213) 482-0299,  Service/Intake (213) 482-0281",0,0,0,0,0,0,0,0,0,0,0,0,1,1,0,0,0,0,0
"135","Good Shepherd Center For Homeless Women - Languille Residence - Emergency Shelter",-118.263336056051,34.0662169666915,"Los Angeles","www.gschomeless.org/","267 N. Belmont Ave.","Service/Intake and Administration (213) 250-5241,  FAX (213) 250-5073",0,0,0,0,0,0,0,0,0,0,0,0,1,1,0,0,0,0,0
"136","First United Methodist Church Of Compton",-118.20686105593,33.8875239676015,"Compton","","1025 S. Long Beach Blvd.","Service/Intake (310) 639-0775",0,0,0,1,0,0,0,0,0,0,0,0,0,1,0,0,0,0,0
"137","San Fernando Valley Rescue Mission",-118.425598056509,34.2086759662904,"North Hollywood","www.sfvrescuemission.org","13422 Saticoy St.","FAX (818) 474-1294, Donations Pick-ups Service/Intake (800) 417-5678, Bob - for space availability Information Only (661) 965-0180,  Service/Intake and Administration (818) 785-4476",0,0,0,1,0,1,0,0,0,0,0,0,1,1,0,1,0,0,0
"138","North Hollywood 1St Baptist Church - Sfv Rescue Mission",-118.374935055695,34.1628539664061,"North Hollywood","www.sfvrescuemission.org","11210 Otsego St.","Service/Intake (818) 763-4356,  Service/Intake (818) 980-7370",0,0,0,1,0,1,0,0,0,0,0,0,1,1,0,1,0,0,0
"139","Christian Outreach In Action - Transitional Housing",-118.196027056099,33.7926459675854,"Long Beach","www.COAlongbeach.org","1950 Chestnut Ave.","Service/Intake (562) 432-1440",0,0,0,1,0,1,0,0,0,0,0,0,1,1,0,0,0,0,0
"140","L A Gay And Lesbian Center - Highland Annex",-118.338414256169,34.0932265969308,"Los Angeles","www.lagaycenter.org","1220 N Highland Ave","Service/Intake (323) 860-2280, LGBTQ Youth Hotline Hotline/Talkline/Warmline (323) 461-8163,  Service/Intake (323) 993-7501",0,0,1,0,0,0,0,0,0,0,0,0,1,1,0,0,0,0,0
"141","St. Philomena Church",-118.276746055761,33.828858967426,"Carson","","21900 S. Main St.","Service/Intake and Administration (310) 835-7161, Contributions or Volunteers Service/Intake (310) 830-5294",0,0,0,1,0,0,0,0,0,0,0,0,0,1,0,0,0,0,0
"142","Vets On The Move Foundation",-118.270433156169,33.8320841369368,"Carson","","357 E Carson St","Service/Intake and Administration (310) 518-4121, Emergency After Hours (310) 415-4254",0,0,0,0,0,0,0,0,0,0,0,0,1,0,0,0,0,0,0
"143","East San Gabriel Valley Coalition For The Homeless",-117.978920056886,34.0101109675114,"Hacienda Heights","","1345 Turnbull Canyon Rd.","Service/Intake (626) 333-7204,  FAX (626) 333-7260",0,0,0,0,0,1,0,0,0,1,0,0,0,1,0,0,0,0,1
"144","Jordan's Disciples Community Service - Root 66",-118.204697056207,33.9210849673749,"Lynwood","www.jordansdisciplescommunityservice.org","3669 Louise St.","Ms. Scott Administrative (310) 876-5390,  Service/Intake (424) 228-0343, Ms. Walston Service/Intake (310) 213-0840, Ms. Scott Service/Intake (310) 213-0203,  Service/Intake (562) 618-1857",0,0,0,0,0,0,0,0,0,0,0,0,1,0,0,0,0,0,0
"145","Salvation Army Corps Community Center - Huntington Park",-118.216134056462,33.9812719671952,"Huntington Park","www1.usw.salvationarmy.org/usw/www_usw_southeastcommunities.nsf","2965 E. Gage Ave.","Service/Intake (323) 587-4221,  FAX (323) 587-3973",0,0,0,1,0,0,0,0,0,0,0,1,1,1,0,0,1,1,0
"146","Catholic Charities Of Los Angeles - Brownson House",-118.22021805616,34.0520219672059,"Los Angeles","www.CatholicCharitiesLA.org","1307 Warren St.","Regional Office Administrative (323) 266-3130,  Service/Intake (323) 264-8701, Appointments Service/Intake (323) 264-8700",0,0,0,1,0,0,0,0,0,0,0,1,1,1,0,0,0,1,0
"147","Tujunga United Methodist Church",-118.277120056727,34.2482949661981,"Tujunga","","9901 Tujunga Canyon Blvd.","Service/Intake and Administration (818) 473-4185",0,0,0,1,0,1,0,0,0,0,0,1,1,1,0,0,0,0,0
"148","Interval House",-118.108203055771,33.755172967368,"Long Beach","www.intervalhouse.org","6615 E. Pacific Coast Highway","Administrative (562) 594-9492, L A County - 24 hours Service/Intake and Hotline (562) 594-4555",0,0,0,0,0,0,0,0,0,0,1,0,1,0,0,1,0,0,0
"149","Mental Health America Of Los Angeles - Antelope Valley Services - Discovery Resource Center",-118.100671057338,34.5797709660376,"Palmdale","www.mhala.org","1609 E. Palmdale Blvd.","FAX (661) 575-1682,  Service/Intake (661) 947-1595",0,0,0,0,0,0,0,0,0,0,0,1,1,0,0,1,0,0,0
"150","Center For Human Rights And Constitutional Law - Homeless Youth Project",-118.27991605672,34.0540479665381,"Los Angeles","casa-libre.org","845 S. Lake St.","Administrative (213) 388-8693 Ext.307,  FAX (213) 386-9484,  Service/Intake (213) 637-5814",0,0,0,0,0,0,0,0,1,0,0,0,1,0,0,0,0,0,0
"151","Inland Valley Hope Partners - Our House Shelter Administrative Office",-117.752859056903,34.0774379673301,"Pomona","www.InlandValleyHopePartners.org","1753 N. Park Ave.","Housing/Shelter Intake Service/Intake (909) 622-3806 Ext.235, Administrative Office FAX (909) 622-0484",0,0,0,1,0,0,0,0,0,0,0,0,1,1,0,0,0,1,0
"152","Inland Valley Hope Partners - Beta Food Security Site",-117.753389757323,34.0644239868435,"Pomona","www.InlandValleyHopePartners.org","290 W Pearl St","Emergency Food Beta Center Service/Intake (909) 622-7278",0,0,0,1,0,0,0,0,0,0,0,0,1,1,0,0,0,1,0
"153","Berean 7Th Day Adventist Church Community Services",-118.331133056578,34.0327579672708,"Los Angeles","berean29.adventistchurchconnect.org/index.php","4211 W. Adams Blvd.","Service/Intake and Administration (323) 735-0228,  FAX (323) 766-7552",0,0,0,1,0,0,0,0,0,0,0,0,0,1,0,0,0,0,0
"154","Church Of The Redeemer",-117.97683505721,34.080116966929,"Baldwin Park","www.cotrbp.org","3739 Monterey Ave.","FAX (626) 960-9587,  Service/Intake and Administration (626) 960-9585",0,0,0,1,0,0,0,0,0,0,0,0,0,1,0,0,0,0,0
"155","Filipino American Service Group Inc",-118.273482056778,34.0692939666159,"Los Angeles","www.fasgi.org","135 N. Park View St.","Service/Intake and Administration (213) 487-9804,  FAX (213) 487-9806",0,0,0,0,0,0,0,0,0,0,0,1,1,0,0,0,0,0,0
"156","Ella's Foundation",-118.283973456773,34.025917566965,"Los Angeles ","Ella's Foundation","3175 S. Hoover St.","(323) 761 - 6415
",0,0,0,0,0,0,0,0,0,0,0,0,0,0,0,0,0,0,0
"157","California Council For Veterans' Affairs, Inc.",-118.320855356592,33.9747386273696,"Los Angeles","","2501 W. Florence Ave.","FAX (323) 750-8034,  Service/Intake (323) 750-9967",1,0,0,0,0,0,0,0,0,0,0,0,1,0,0,1,0,0,0
"158","Homeless Outreach Program/Integrated Care System (HOPICS)",-118.27866305599,33.9903829671909,"Los Angeles","Homeless Outreach Program/Integrated Care System (HOPICS)","5715 S. Broadway","Service/Intake (323) 948-0444,  Service/Intake (323) 948-0444,  FAX (323) 948-0443",1,1,1,1,1,1,1,1,1,0,0,0,0,0,0,0,0,0,0
"159","People Assisting the Homeless (PATH) -  West Los Angeles",-118.436976855695,34.0367555368136,"Los Angeles","","2346 Cotner Ave.","West LA Job Center Service/Intake (310) 996-0034 Ext.108,  Service/Intake and Administration (310) 996-0034",0,0,0,0,0,0,0,0,0,0,0,0,1,0,0,1,0,0,0
"160","Homeless Health Care Los Angeles",-118.27383025595,34.0679824466939,"Los Angeles","Homeless Health Care Los Angeles","2330 Beverly Blvd.","I and R/Needle Exchange/Drug Treatment/Training Service/Intake and Administration (213) 744-0724, Needle Exchange Service/Intake (213) 617-8408,  FAX (213) 746-2432, CASC/Drug and Mental Health Assessment Service/Intake (213) 342-3114
",0,0,0,0,0,0,0,1,0,0,0,0,0,0,0,1,0,0,0
"161","City Of Refuge Rescue Ministry",-118.287766856412,33.9602121268041,"Los Angeles","City Of Refuge Rescue Ministry","823 W. Manchester Blvd.","Service/Intake and Administration (323) 759-2544,  FAX (323) 759-2856, Case Manager - Mr. Johnson Service/Intake (323) 759-4209, Case Manager - Ms. Brown Service/Intake (323) 756-4229",0,0,0,1,0,1,0,0,0,0,0,0,0,1,0,0,0,0,0
"162","St. Mark's Evangelical Lutheran Church",-118.291734855708,34.0218228371504,"Los Angeles","","3651 S. Vermont Ave.","FAX (323) 731-6104,  Service/Intake and Administration (323) 731-2157",0,0,0,1,0,0,0,0,0,0,0,0,0,1,0,0,0,0,0
"163","St. Agnes Catholic Church",-118.291748956573,34.0319520673158,"Los Angeles","","2625 S. Vermont Ave.","Service/Intake (323) 731-2464 Ext.107,  FAX (323) 731-6186
",0,0,0,0,0,0,0,0,0,0,0,0,0,1,0,0,0,0,0
"164","Angel Step Inn Domestic Violence Emergency Shelter",-118.096111156493,33.9827293673286,"Pico Rivera","","9047 Washington Blvd","Service/Intake (562) 949-5358,  FAX (323) 255-0012, 24-Hr. Hotline  323-780-HELP Service/Intake and Hotline (323) 780-4357, Shelter Admin. Administrative (323) 780-7285,  FAX (323) 780-7235,  FAX (562) 941-6106, 24-Hr. Hotline Service/Intake and Hotline (",0,0,0,0,0,0,0,1,0,0,1,1,1,0,0,1,0,0,0
"165","Long Beach Family Shelter For The Homeless",-118.187983055797,33.7816619672799,"Long Beach","","Long Beach Family Shelter","People w/ Disabilities -  Disabled Resources Center Service/Intake (562) 427-1000, Catholic Charities Administration (562) 591-1351, Long Beach Multi-Service Center Service/Intake (562) 733-1147,  Administrative (562) 388-7670",0,0,0,0,0,0,0,0,0,0,0,0,1,0,0,0,0,0,0
"166","Free Spirit: For Victims Of Domestic Violence",-118.264150056771,34.0429629672615,"Los Angeles","","","24-Hour All Services Hotline Hotline/Talkline/Warmline (800) 548-2722, Free Spirit Shelter Hotline Hotline/Talkline/Warmline (323) 937-1312, Chicana Service Action Center Administrative (213) 629-5800,  Service/Intake and Administration (323) 937-1368",0,0,0,0,0,0,0,0,0,0,0,0,1,0,0,1,0,0,0
"167","Ywca Glendale - Ywca Battered Women's Shelter - Sunrise Village",-118.235978056583,34.1557049670364,"Glendale","","","DV hotline (24 hrs.) Service/Intake/Hotline (Voice/TDD) (888) 999-7511",0,0,0,0,0,0,0,0,0,0,1,1,1,0,0,0,0,0,0
"168","Domestic Violence Center Of Santa Clarita",-118.518513055729,34.3843529658377,"Newhall","","","661-254-TEEN for Teen Hotline Hotline/Talkline/Warmline (661) 254-8336,  FAX (661) 259-1194,  Service/Intake and Administration (661) 259-8175, 24-Hours Service/Intake and Hotline (661) 259-4357",0,0,0,0,0,0,0,0,0,0,1,0,1,0,0,0,0,0,0
"169","Zoe Christian Fellowship - Sfv Rescue Mission",-118.537488055738,34.2004942561167,"Reseda","","7143 Baird Ave","Administrative (818) 785-4476",0,0,0,1,0,1,0,0,0,0,0,0,1,1,0,1,0,0,0
"170","Chatsworth Foursquare Church - Sfv Rescue Mission",-118.597132155881,34.2558071064677,"Chatsworth","","10210 Canoga Ave","Administrative (818) 785-4476",0,0,0,1,0,1,0,0,0,0,0,0,1,1,0,1,0,0,0
"171","Salvation Army Haven Program - Bldg. 212",-118.453568756133,34.0550834171165,"Los Angeles","","11301 Wilshire Blvd","Administration (310) 478-3711 Ext.44353, Senior Program - Tamara Komashko Service/Intake (310) 478-3711 Ext.43014, Alpha Center Program - Vance Poletto Service/Intake (310) 478-3711 Ext.44360, Naomi House Program - Victoria Curtin Service/Intake (310) 478",0,0,0,0,0,0,0,1,0,0,0,1,1,0,0,1,0,0,0
"172","Salvation Army Haven Program - Bldg. 207",-118.453568756133,34.0550834171165,"Los Angeles","","11301 Wilshire Blvd","Exodus Lodge - Mary A. Holmes Service/Intake and Administration (310) 478-3711 Ext.42811",0,0,0,0,0,0,0,1,0,0,0,1,1,0,0,1,0,0,0
"173","Year Round Shelter - California Hispanic Commission On Alcohol & Drug Abuse Inc.",-118.034253956433,34.0730652566556,"El Monte","","11046 Vly Mall","Service/Intake (626) 444-9000",0,0,0,0,0,0,0,0,0,0,0,0,1,0,0,0,0,0,1
"174","San Pablo Lutheran Church - North Hollywood",-118.378967455862,34.2048639862092,"North Hollywood","","7400 Tujunga Ave","No Telephone () -",0,0,0,0,0,1,0,0,0,0,0,0,1,1,0,0,0,0,0
"175","St. David's Episcopal Church - North Hollywood",-118.384812255995,34.1650341869317,"North Hollywood","","11605 Magnolia Blvd","No Telephone () -",0,0,0,0,0,1,0,0,0,0,0,0,1,1,0,0,0,0,0
"176","American Philanthropy Association - Don King Shelter",-118.277966555736,33.9573605472166,"Los Angeles","","8770 S Broadway","Single Women Only Service/Intake (323) 971-4432",0,0,0,0,0,0,0,0,0,0,0,0,1,0,0,0,0,0,0
"177","Housing Coalition Education",-118.293448055721,34.013485967305,"Los Angeles","","1051 Laighton Avenue","",0,0,0,0,0,0,0,0,0,0,0,0,0,0,0,0,0,0,0
"178","Family Source Center",-118.308685855415,33.7383764676501,"Los Angeles","Family Source Center","9219 S. Broadway Avenue","(323) 777 - 3120
",0,0,0,0,0,0,0,0,0,0,0,0,0,0,0,0,0,0,0
"179","Housing - Immanuel Housing Inc. Immanuel House of Hope",-118.240169056158,33.9607649673946,"Los Angeles ","Immanuel Housing Inc. Immanuel House of Hope","1800 E. 85th Street","(323) 256 - 6975
",0,0,0,0,0,0,0,0,0,0,0,0,0,0,0,0,0,0,0
"180","1736 Family Crisis Center",-118.317521556392,34.0374599169474,"Los Angeles","","2116 Arlington Ave","24 Hrs-Crisis Hotline Service/Intake and Hotline (213) 222-1237, 24 Hrs-Youth Crisis/Shelter Hotline Service/Intake and Hotline (310) 379-3620, 24 Hrs-DV Shelter Hotline Service/Intake and Hotline (310) 370-5902, Community Service Center Service/Intake an",0,0,0,0,0,0,0,0,1,1,1,0,1,0,0,1,0,0,0
"181","1736 Family Crisis Center - Emergency Youth Shelter",-118.399235056328,33.8668419669652,"Hermosa Beach","","1736 Monterey Blvd.","24 Hrs-Youth Crisis/Shelter Hotline Service/Intake and Hotline (310) 379-3620",0,0,0,0,0,0,0,0,1,1,1,0,1,0,0,1,0,0,0
